code,population,sex,Body_length,Body_depth,Peduncle_depth ,Caudal_Fin_Length ,dorsal_length,dorsal_height ,sword_length,species,source
XV_COAC_I_20_001,xvar-COAC,M,4.398,1.448,0.755,1.156,1.245,0.747,0,xvar,XV_COAC_I_20_GWAS_sMb
XV_COAC_I_20_006,xvar-COAC,M,3.975,1.377,0.805,0.958,0.954,0.526,0,xvar,XV_COAC_I_20_GWAS_sMb
XV_COAC_I_20_007,xvar-COAC,M,3.412,1.056,0.594,0.856,0.827,0.497,0,xvar,XV_COAC_I_20_GWAS_sMb
XV_COAC_I_20_008,xvar-COAC,M,2.758,0.892,0.476,0.757,0.598,0.407,0,xvar,XV_COAC_I_20_GWAS_sMb
XV_COAC_I_20_011,xvar-COAC,M,3.754,1.181,0.689,0.98,0.974,0.478,0,xvar,XV_COAC_I_20_GWAS_sMb
XV_COAC_I_20_012,xvar-COAC,M,2.963,0.959,0.464,0.639,0.635,0.328,0,xvar,XV_COAC_I_20_GWAS_sMb
XV_COAC_I_20_013,xvar-COAC,M,3.287,1.023,0.544,0.89,0.828,0.544,0,xvar,XV_COAC_I_20_GWAS_sMb
XV_COAC_I_20_022,xvar-COAC,M,3.983,1.349,0.709,1.09,0.959,0.605,0,xvar,XV_COAC_I_20_GWAS_sMb
XV_COAC_I_20_023,xvar-COAC,M,2.947,0.923,0.491,0.739,0.637,0.363,0,xvar,XV_COAC_I_20_GWAS_sMb
XV_COAC_I_20_033,xvar-COAC,M,2.908,0.981,0.494,0.719,0.722,0.423,0,xvar,XV_COAC_I_20_GWAS_sMb
XV_COAC_I_20_034,xvar-COAC,M,4.069,1.418,0.816,0.947,1.042,0.602,0,xvar,XV_COAC_I_20_GWAS_sMb
XV_COAC_I_20_036,xvar-COAC,M,3.119,1.022,0.576,0.75,0.69,0.488,0,xvar,XV_COAC_I_20_GWAS_sMb
XV_COAC_I_20_038,xvar-COAC,M,4.248,1.474,0.772,1.081,1.066,0.673,0,xvar,XV_COAC_I_20_GWAS_sMb
XV_COAC_I_20_039,xvar-COAC,M,3.247,1.035,0.517,0.857,0.813,0.469,0,xvar,XV_COAC_I_20_GWAS_sMb
XV_COAC_I_20_041,xvar-COAC,M,3.348,1.217,0.634,0.812,0.859,0.43,0,xvar,XV_COAC_I_20_GWAS_sMb
XV_COAC_I_20_044,xvar-COAC,M,3.168,0.986,0.534,0.741,0.63,0.368,0,xvar,XV_COAC_I_20_GWAS_sMb
XV_COAC_I_20_050,xvar-COAC,M,3.869,1.405,0.828,1.019,1.125,0.565,0,xvar,XV_COAC_I_20_GWAS_sMb
XV_COAC_I_20_076,xvar-COAC,M,3.815,1.193,0.764,0.885,0.834,0.593,0,xvar,XV_COAC_I_20_GWAS_sMb
XV_COAC_I_20_077,xvar-COAC,M,2.983,0.869,0.51,0.7,0.727,0.624,0,xvar,XV_COAC_I_20_GWAS_sMb
XV_COAC_I_20_078,xvar-COAC,M,3.123,0.987,0.609,0.887,0.78,0.524,0,xvar,XV_COAC_I_20_GWAS_sMb
XV_COAC_I_20_104,xvar-COAC,M,3.66,1.202,0.715,0.977,0.703,0.655,0,xvar,XV_COAC_I_20_GWAS_sMb
XV_COAC_I_20_113,xvar-COAC,M,3.198,1.06,0.598,0.818,0.807,0.522,0,xvar,XV_COAC_I_20_GWAS_sMb
XV_COAC_I_20_114,xvar-COAC,M,2.863,0.908,0.519,0.792,0.569,0.42,0,xvar,XV_COAC_I_20_GWAS_sMb
XV_COAC_I_20_115,xvar-COAC,M,2.71,0.813,0.503,0.606,0.58,0.357,0,xvar,XV_COAC_I_20_GWAS_sMb
XV_COAC_I_20_132,xvar-COAC,M,3.345,1.122,0.628,0.889,0.854,0.463,0,xvar,XV_COAC_I_20_GWAS_sMb
XV_COAC_I_20_134,xvar-COAC,M,2.918,0.917,0.492,0.69,0.649,0.359,0,xvar,XV_COAC_I_20_GWAS_sMb
XV_COAC_I_20_135,xvar-COAC,M,2.915,0.965,0.518,0.799,0.615,0.389,0,xvar,XV_COAC_I_20_GWAS_sMb
XV_COAC_I_20_002,xvar-COAC,F,4.365,1.264,0.766,1.14,NA,NA,NA,xvar,XV_COAC_I_20_GWAS_sMb
XV_COAC_I_20_003,xvar-COAC,F,2.855,0.767,0.478,0.649,NA,NA,NA,xvar,XV_COAC_I_20_GWAS_sMb
XV_COAC_I_20_004,xvar-COAC,F,2.45,0.562,0.36,0.471,NA,NA,NA,xvar,XV_COAC_I_20_GWAS_sMb
XV_COAC_I_20_009,xvar-COAC,F,2.58,0.667,0.404,0.615,NA,NA,NA,xvar,XV_COAC_I_20_GWAS_sMb
XV_COAC_I_20_015,xvar-COAC,F,3.514,0.994,0.457,0.794,NA,NA,NA,xvar,XV_COAC_I_20_GWAS_sMb
XV_COAC_I_20_016,xvar-COAC,F,2.835,0.762,0.481,0.649,NA,NA,NA,xvar,XV_COAC_I_20_GWAS_sMb
XV_COAC_I_20_017,xvar-COAC,F,2.194,0.605,0.348,0.537,NA,NA,NA,xvar,XV_COAC_I_20_GWAS_sMb
XV_COAC_I_20_024,xvar-COAC,F,2.943,0.854,0.402,0.647,NA,NA,NA,xvar,XV_COAC_I_20_GWAS_sMb
XV_COAC_I_20_051,xvar-COAC,F,3.632,1.048,0.586,0.789,NA,NA,NA,xvar,XV_COAC_I_20_GWAS_sMb
XV_COAC_I_20_055,xvar-COAC,F,2.911,0.83,0.509,0.79,NA,NA,NA,xvar,XV_COAC_I_20_GWAS_sMb
XV_COAC_I_20_056,xvar-COAC,F,2.38,0.641,0.383,0.564,NA,NA,NA,xvar,XV_COAC_I_20_GWAS_sMb
XV_COAC_I_20_058,xvar-COAC,F,2.841,0.794,0.401,0.711,NA,NA,NA,xvar,XV_COAC_I_20_GWAS_sMb
XV_COAC_I_20_059,xvar-COAC,F,2.475,0.752,0.362,0.648,NA,NA,NA,xvar,XV_COAC_I_20_GWAS_sMb
XV_COAC_I_20_060,xvar-COAC,F,2.485,0.681,0.356,0.55,NA,NA,NA,xvar,XV_COAC_I_20_GWAS_sMb
XV_COAC_I_20_075,xvar-COAC,F,2.396,0.643,0.38,0.553,NA,NA,NA,xvar,XV_COAC_I_20_GWAS_sMb
XV_COAC_I_20_079,xvar-COAC,F,2.928,0.795,0.509,0.722,NA,NA,NA,xvar,XV_COAC_I_20_GWAS_sMb
XV_COAC_I_20_080,xvar-COAC,F,3.007,0.9,0.455,0.759,NA,NA,NA,xvar,XV_COAC_I_20_GWAS_sMb
XV_COAC_I_20_081,xvar-COAC,F,3.376,0.95,0.533,0.792,NA,NA,NA,xvar,XV_COAC_I_20_GWAS_sMb
XV_COAC_I_20_083,xvar-COAC,F,3.138,0.905,0.528,0.728,NA,NA,NA,xvar,XV_COAC_I_20_GWAS_sMb
XV_COAC_I_20_084,xvar-COAC,F,2.599,0.727,0.425,0.623,NA,NA,NA,xvar,XV_COAC_I_20_GWAS_sMb
XV_COAC_I_20_085,xvar-COAC,F,2.692,0.776,0.439,0.615,NA,NA,NA,xvar,XV_COAC_I_20_GWAS_sMb
XV_COAC_I_20_101,xvar-COAC,F,3.49,1.006,0.593,0.915,NA,NA,NA,xvar,XV_COAC_I_20_GWAS_sMb
XV_COAC_I_20_102,xvar-COAC,F,2.888,0.804,0.432,0.676,NA,NA,NA,xvar,XV_COAC_I_20_GWAS_sMb
XV_COAC_I_20_111,xvar-COAC,F,2.232,0.58,0.322,0.501,NA,NA,NA,xvar,XV_COAC_I_20_GWAS_sMb
XV_COAC_I_20_120,xvar-COAC,F,1.8,0.466,0.278,0.444,NA,NA,NA,xvar,XV_COAC_I_20_GWAS_sMb
XV_COAC_I_20_122,xvar-COAC,F,2.135,0.562,0.348,0.432,NA,NA,NA,xvar,XV_COAC_I_20_GWAS_sMb
XV_COAC_I_20_123,xvar-COAC,F,2.294,0.596,0.377,0.45,NA,NA,NA,xvar,XV_COAC_I_20_GWAS_sMb
XV_COAC_I_20_126,xvar-COAC,F,2.317,0.559,0.365,0.467,NA,NA,NA,xvar,XV_COAC_I_20_GWAS_sMb
XV_COAC_I_20_128,xvar-COAC,F,2.67,0.747,0.454,0.716,NA,NA,NA,xvar,XV_COAC_I_20_GWAS_sMb
XV_COAC_I_20_130,xvar-COAC,F,2.511,0.729,0.39,0.525,NA,NA,NA,xvar,XV_COAC_I_20_GWAS_sMb
XV_COAC_I_20_133,xvar-COAC,F,3.581,0.959,0.524,0.714,NA,NA,NA,xvar,XV_COAC_I_20_GWAS_sMb
XV_COAC_I_20_136,xvar-COAC,F,3.527,0.992,0.593,0.755,NA,NA,NA,xvar,XV_COAC_I_20_GWAS_sMb
XV_COAC_I_20_138,xvar-COAC,F,3.272,0.894,0.535,0.568,NA,NA,NA,xvar,XV_COAC_I_20_GWAS_sMb
b5-III-17-M-lgrr,xbir-stocktank,M,4.276,1.478,0.213751169,0,1.305,1.342,0.066651076,xbir,All-pheno-10.6.20
b5-III-17-M-unMrk,xbir-stocktank,M,3.546,1.143,0.193175409,0,0.884,0.982,0.00535815,xbir,All-pheno-10.6.20
b5-III-17-M-lorr,xbir-stocktank,M,3.471,1.065,0.196485163,0,0.886,0.927,0.007778738,xbir,All-pheno-10.6.20
b5-III-17-M-rg-o,xbir-stocktank,M,4.652,1.554,0.210017197,0,1.291,1.131,0.004084265,xbir,All-pheno-10.6.20
b5-III-17-M-lrrr,xbir-stocktank,M,4.124,1.323,0.211930165,0,1.188,1.223,0.004607177,xbir,All-pheno-10.6.20
b5-III-17-M-logo,xbir-stocktank,M,3.237,1.028,0.196787149,0,0.893,0.844,0.004016064,xbir,All-pheno-10.6.20
b5-III-17-M-lgoo,xbir-stocktank,M,3.797,1.166,0.207795628,0,0.992,1.065,0.016592046,xbir,All-pheno-10.6.20
b5-III-17-M-lrgr,xbir-stocktank,M,3.798,1.259,0.213006846,0,1.077,1.247,0.0223802,xbir,All-pheno-10.6.20
c5-III-17-M-lggo,xbir-stocktank,M,4.249,1.466,0.225935514,0,1.214,1.305,0.025417745,xbir,All-pheno-10.6.20
c5-III-17-M-logg,xbir-stocktank,M,3.715,1.244,0.225302826,0,1.003,1.004,0.00807537,xbir,All-pheno-10.6.20
c5-III-17-M-lrrr,xbir-stocktank,M,3.662,1.194,0.218186783,0,1.002,1.078,0.010649918,xbir,All-pheno-10.6.20
c5-III-17-M-lgrr,xbir-stocktank,M,3.286,1.022,0.201460743,0,0.885,0.918,0.016129032,xbir,All-pheno-10.6.20
c7-III-17-M-lrgr,xbir-stocktank,M,4.122,1.338,0.209606987,0,1.244,1.103,0.019165454,xbir,All-pheno-10.6.20
c7-III-17-M-dsc_0342.jpg,xbir-stocktank,M,3.281,1.009,0.201767754,0,0.842,0.811,0,xbir,All-pheno-10.6.20
c7-III-17-M-loro,xbir-stocktank,M,3.871,1.329,0.222939809,0,1.075,1.13,0.032033066,xbir,All-pheno-10.6.20
wild-V-17-M-80,xbir-wild,M,5.089,1.931,0.243269798,0,1.544,1.309,0.016899194,xbir,All-pheno-10.6.20
wild-V-17-M-116,xbir-wild,M,4.877,1.799,0.230674595,0,1.478,1.354,0.013737954,xbir,All-pheno-10.6.20
wild-V-17-M-86,xbir-wild,M,4.157,1.341,0.227086841,0,1.063,0.857,0.005292278,xbir,All-pheno-10.6.20
wild-V-17-M-117,xbir-wild,M,4.966,1.783,0.240636327,0,1.469,1.431,0.020136931,xbir,All-pheno-10.6.20
wild-V-17-M-118,xbir-wild,M,5.035,1.734,0.226415094,0,1.473,1.342,0.008142999,xbir,All-pheno-10.6.20
wild-V-17-M-106,xbir-wild,M,4.34,1.403,0.22235023,0,1.095,0.899,0,xbir,All-pheno-10.6.20
wild-V-17-M-120,xbir-wild,M,5.251,1.881,0.236907256,0,1.633,1.264,0.009521996,xbir,All-pheno-10.6.20
wild-V-17-M-121,xbir-wild,M,4.24,1.47,0.221933962,0,1.317,1.332,0.013207547,xbir,All-pheno-10.6.20
wild-V-17-M-120,xbir-wild,M,4.67,1.621,0.214346895,0,1.472,1.312,0.009850107,xbir,All-pheno-10.6.20
COAC-III-17-b5-F-LGGR,xbir-COAC,F,4.130456,1.35014,0.735284,0.921536,NA,NA,NA,xbir,All-pheno-10.6.20
COAC-III-17-b5-F-LGGR,xbir-COAC,F,4.09156,1.250656,0.71808,0.84898,0.952952,0.40392,NA,xbir,All-pheno-10.6.20
COAC-III-17-b5-F-LGOR,xbir-COAC,F,4.241908,1.279828,0.724812,0.93126,NA,NA,NA,xbir,All-pheno-10.6.20
COAC-III-17-b5-F-LGOR,xbir-COAC,F,4.283796,1.277584,0.803352,0.941732,1.0846,0.526592,NA,xbir,All-pheno-10.6.20
COAC-III-17-b5-F-LOOG,xbir-COAC,F,4.268836,1.283568,0.747252,1.000076,NA,NA,NA,xbir,All-pheno-10.6.20
COAC-III-17-b5-F-LOOG,xbir-COAC,F,4.262852,1.359116,0.717332,0.94622,1.096568,0.511632,NA,xbir,All-pheno-10.6.20
COAC-III-17-b5-F-LORG,xbir-COAC,F,4.437884,1.3651,0.793628,0.996336,NA,NA,NA,xbir,All-pheno-10.6.20
COAC-III-17-b5-F-LORG,xbir-COAC,F,4.466308,1.414468,0.778668,0.980628,NA,NA,NA,xbir,All-pheno-10.6.20
COAC-III-17-b5-F-LRGG,xbir-COAC,F,4.276316,1.359864,0.792132,0.929016,NA,NA,NA,xbir,All-pheno-10.6.20
COAC-III-17-b5-F-LRGG,xbir-COAC,F,4.31596,1.298528,0.772684,0.962676,NA,NA,NA,xbir,All-pheno-10.6.20
COAC-III-17-b5-F-LRGR,xbir-COAC,F,4.015264,1.33144,0.717332,0.835516,NA,NA,NA,xbir,All-pheno-10.6.20
COAC-III-17-b5-F-LRGR,xbir-COAC,F,4.081088,1.239436,0.732292,0.928268,0.96866,0.419628,NA,xbir,All-pheno-10.6.20
COAC-III-17-b5-F-LROO,xbir-COAC,F,4.12522,1.276836,0.698632,0.990352,NA,NA,NA,xbir,All-pheno-10.6.20
COAC-III-17-b5-F-LROO,xbir-COAC,F,4.1701,1.264868,0.7293,0.872916,1.06216,0.438328,NA,xbir,All-pheno-10.6.20
COAC-III-17-b5-F-LRRG,xbir-COAC,F,4.155888,1.28282,0.769692,0.900592,NA,NA,NA,xbir,All-pheno-10.6.20
COAC-III-17-b5-F-LRRG,xbir-COAC,F,4.208248,1.228216,0.77044,0.971652,1.150424,0.457028,NA,xbir,All-pheno-10.6.20
COAC-III-17-b5-F-RORR,xbir-COAC,F,3.185732,0.857208,0.540804,0.670208,NA,NA,NA,xbir,All-pheno-10.6.20
COAC-III-17-b5-F-RORR,xbir-COAC,F,3.105696,0.850476,0.537812,0.676192,NA,NA,NA,xbir,All-pheno-10.6.20
COAC-III-17-b5-F-UNMK,xbir-COAC,F,4.324936,1.326952,0.685916,1.015036,NA,NA,NA,xbir,All-pheno-10.6.20
COAC-III-17-b5-F-UNMK,xbir-COAC,F,4.27108,1.322464,0.66946,0.946968,1.041216,0.440572,NA,xbir,All-pheno-10.6.20
COAC-III-17-c5-F-LGGG,xbir-COAC,F,4.379,1.415,0.809,0.981,NA,NA,NA,xbir,All-pheno-10.6.20
COAC-III-17-c5-F-LGGG,xbir-COAC,F,4.38,1.304,0.726,0.966,1.215,0.527,NA,xbir,All-pheno-10.6.20
COAC-III-17-c5-F-LGOO,xbir-COAC,F,4.298,1.34,0.724,1.079,NA,NA,NA,xbir,All-pheno-10.6.20
COAC-III-17-c5-F-LGOO,xbir-COAC,F,4.283,1.324,0.813,0.867,0.988,0.562,NA,xbir,All-pheno-10.6.20
COAC-III-17-c5-F-LGRO,xbir-COAC,F,4,1.227,0.701,0.918,NA,NA,NA,xbir,All-pheno-10.6.20
COAC-III-17-c5-F-LGRO,xbir-COAC,F,4.058,1.174,0.683,0.921,1.032,0.425,NA,xbir,All-pheno-10.6.20
COAC-III-17-c5-F-LGRR,xbir-COAC,F,4.068,1.223,0.725,0.79,NA,NA,NA,xbir,All-pheno-10.6.20
COAC-III-17-c5-F-LGRR,xbir-COAC,F,4.045,1.192,0.673,0.938,1.048,0.449,NA,xbir,All-pheno-10.6.20
COAC-III-17-c5-F-LORO,xbir-COAC,F,3.809,1.174,0.667,0.799,NA,NA,NA,xbir,All-pheno-10.6.20
COAC-III-17-c5-F-LORO,xbir-COAC,F,3.831,1.108,0.649,0.772,0.913,0.451,NA,xbir,All-pheno-10.6.20
COAC-III-17-c5-F-LORR,xbir-COAC,F,4.135,1.257,0.718,0.896,NA,NA,NA,xbir,All-pheno-10.6.20
COAC-III-17-c5-F-LORR,xbir-COAC,F,4.074,1.249,0.695,0.893,1.003,0.479,NA,xbir,All-pheno-10.6.20
COAC-III-17-c5-F-LROG,xbir-COAC,F,4.234,1.286,0.803,0.911,NA,NA,NA,xbir,All-pheno-10.6.20
COAC-III-17-c5-F-LROG,xbir-COAC,F,4.254,1.281,0.777,0.883,1.089,0.47,NA,xbir,All-pheno-10.6.20
COAC-III-17-c5-F-LROO,xbir-COAC,F,3.953,1.186,0.667,1.004,NA,NA,NA,xbir,All-pheno-10.6.20
COAC-III-17-c5-F-LROO,xbir-COAC,F,3.935,1.199,0.683,0.887,0.961,0.453,NA,xbir,All-pheno-10.6.20
COAC-III-17-c5-F-LRRG,xbir-COAC,F,4.052,1.252,0.715,0.888,NA,NA,NA,xbir,All-pheno-10.6.20
COAC-III-17-c5-F-LRRG,xbir-COAC,F,4.079,1.247,0.712,0.807,1.09,0.45,NA,xbir,All-pheno-10.6.20
COAC-III-17-c5-F-RGGO,xbir-COAC,F,4.219,1.318,0.715,0.9,NA,NA,NA,xbir,All-pheno-10.6.20
COAC-III-17-c5-F-RGGO,xbir-COAC,F,4.202,1.333,0.708,0.866,1.059,0.441,NA,xbir,All-pheno-10.6.20
COAC-III-17-c5-F-RGOG,xbir-COAC,F,4.327,1.35,0.755,0.889,NA,NA,NA,xbir,All-pheno-10.6.20
COAC-III-17-c5-F-RGOG,xbir-COAC,F,4.324,1.329,0.76,0.821,1.116,0.505,NA,xbir,All-pheno-10.6.20
COAC-III-17-c5-F-ROOO,xbir-COAC,F,3.578,1.033,0.613,0.755,NA,NA,NA,xbir,All-pheno-10.6.20
COAC-III-17-c5-F-ROOO,xbir-COAC,F,3.509,1.026,0.621,0.756,0.838,0.423,NA,xbir,All-pheno-10.6.20
COAC-III-17-c7-F-L-OR,xbir-COAC,F,4.722,1.463,0.821,1.001,NA,NA,NA,xbir,All-pheno-10.6.20
COAC-III-17-c7-F-L-OR,xbir-COAC,F,4.766,1.593,0.81,1.001,1.295,0.484,NA,xbir,All-pheno-10.6.20
COAC-III-17-c7-F-LGOG,xbir-COAC,F,4.139,1.232,0.702,0.857,NA,NA,NA,xbir,All-pheno-10.6.20
COAC-III-17-c7-F-LGOG,xbir-COAC,F,4.053,1.274,0.698,0.97,0.988,0.411,NA,xbir,All-pheno-10.6.20
COAC-III-17-c7-F-RGRO,xbir-COAC,F,4.122,1.274,0.749,0.894,NA,NA,NA,xbir,All-pheno-10.6.20
COAC-III-17-c7-F-RGRO,xbir-COAC,F,4.149,1.301,0.806,1.006,1.14,0.477,NA,xbir,All-pheno-10.6.20
xmal-CAPAC-24-V-21-01,xmal-CAPAC,F,5.494,1.43,1.054,0.899,NA,NA,NA,xmal,xMal-CAPAC-V-21_phenotypes
xmal-CAPAC-24-V-21-03,xmal-CAPAC,F,4.075,1.175,0.744,1.022,NA,NA,NA,xmal,xMal-CAPAC-V-21_phenotypes
xmal-CAPAC-24-V-21-05,xmal-CAPAC,F,3.977,1.103,0.845,0.879,NA,NA,NA,xmal,xMal-CAPAC-V-21_phenotypes
xmal-CAPAC-24-V-21-06,xmal-CAPAC,F,3.712,1.023,0.721,0.939,NA,NA,NA,xmal,xMal-CAPAC-V-21_phenotypes
xmal-CAPAC-24-V-21-08,xmal-CAPAC,F,3.798,0.997,0.644,0.974,NA,NA,NA,xmal,xMal-CAPAC-V-21_phenotypes
xmal-CAPAC-24-V-21-09,xmal-CAPAC,F,3.652,0.859,0.679,0.9,NA,NA,NA,xmal,xMal-CAPAC-V-21_phenotypes
xmal-CAPAC-24-V-21-10,xmal-CAPAC,F,3.636,0.804,0.649,0.721,NA,NA,NA,xmal,xMal-CAPAC-V-21_phenotypes
xmal-CAPAC-24-V-21-12,xmal-CAPAC,F,3.219,0.83,0.455,0.659,NA,NA,NA,xmal,xMal-CAPAC-V-21_phenotypes
xmal-CAPAC-24-V-21-14,xmal-CAPAC,F,2.974,0.71,0.436,0.639,NA,NA,NA,xmal,xMal-CAPAC-V-21_phenotypes
xmal-CAPAC-24-V-21-NOTAG,xmal-CAPAC,F,5.476,1.83,1.075,1.216,NA,NA,NA,xmal,xMal-CAPAC-V-21_phenotypes
xmal-CAPAC-24-V-21-02,xmal-CAPAC,M,5.105,1.092,0.773,1.117,0.976,0.804,0.222,xmal,xMal-CAPAC-V-21_phenotypes
xmal-CAPAC-24-V-21-04,xmal-CAPAC,M,3.705,1.066,0.827,1.037,0.952,0.688,0.358,xmal,xMal-CAPAC-V-21_phenotypes
xmal-CAPAC-24-V-21-07,xmal-CAPAC,M,3.676,1.054,0.813,1.077,0.95,0.831,0.378,xmal,xMal-CAPAC-V-21_phenotypes
xmal-CAPAC-24-V-21-11,xmal-CAPAC,M,3.457,0.938,0.703,0.968,0.841,0.632,0.258,xmal,xMal-CAPAC-V-21_phenotypes
xmal-CAPAC-24-V-21-15,xmal-CAPAC,M,4.604,1.419,1.076,1.285,1.191,0.989,0.408,xmal,xMal-CAPAC-V-21_phenotypes
A3-CHIC-XII-2011-01,xmal-CHIC-A3,M,3.972,1.119,0.713,1.131,0.819,0.554,0,xmal,A3-CHIC-XII-2011-phenotypes
A3-CHIC-XII-2011-02,xmal-CHIC-A3,M,3.553,1.07,0.654,0.96,0.831,0.5,0.116,xmal,A3-CHIC-XII-2011-phenotypes
A3-CHIC-XII-2011-03,xmal-CHIC-A3,M,3.31,0.918,0.571,0.964,0.68,0.46,0.064,xmal,A3-CHIC-XII-2011-phenotypes
A3-CHIC-XII-2011-04,xmal-CHIC-A3,M,3.705,1.086,0.738,1.023,0.824,0.598,0.167,xmal,A3-CHIC-XII-2011-phenotypes
A3-CHIC-XII-2011-05,xmal-CHIC-A3,M,3.626,1.022,0.643,0.898,0.84,0.527,0.123,xmal,A3-CHIC-XII-2011-phenotypes
A3-CHIC-XII-2011-06,xmal-CHIC-A3,M,3.755,1.102,0.686,1.078,0.935,0.515,0.192,xmal,A3-CHIC-XII-2011-phenotypes
A3-CHIC-XII-2011-07,xmal-CHIC-A3,M,3.525,1.06,0.581,0.934,0.921,0.442,0.141,xmal,A3-CHIC-XII-2011-phenotypes
A3-CHIC-XII-2011-08,xmal-CHIC-A3,M,3.648,1.098,0.655,0.985,0.815,0.485,0.159,xmal,A3-CHIC-XII-2011-phenotypes
A3-CHIC-XII-2011-09,xmal-CHIC-A3,M,3.611,1.052,0.602,0.979,0.768,0.527,0.205,xmal,A3-CHIC-XII-2011-phenotypes
A3-CHIC-XII-2011-10,xmal-CHIC-A3,M,3.65,1.06,0.686,1.055,0.776,0.613,0.208,xmal,A3-CHIC-XII-2011-phenotypes
A3-CHIC-XII-2011-11,xmal-CHIC-A3,M,3.491,0.931,0.708,0.834,0.602,0.541,0.288,xmal,A3-CHIC-XII-2011-phenotypes
A3-CHIC-XII-2011-L-GGR,xmal-CHIC-A3,M,3.491,0.992,0.697,1.076,0.904,0.648,0.63,xmal,A3-CHIC-XII-2011-phenotypes
A3-CHIC-XII-2011-14-L-GRG,xmal-CHIC-A3,M,4.352,1.28,0.855,1.332,1.185,0.642,0.253,xmal,A3-CHIC-XII-2011-phenotypes
A3-CHIC-XII-2011-14-L-GRR,xmal-CHIC-A3,M,4.202,1.235,0.815,1.196,1.197,0.614,0.253,xmal,A3-CHIC-XII-2011-phenotypes
A3-CHIC-XII-2011-16-L-RGG,xmal-CHIC-A3,M,4.051,1.191,0.761,1.191,1.055,0.517,0.116,xmal,A3-CHIC-XII-2011-phenotypes
A3-CHIC-XII-2011-18-L-ROG,xmal-CHIC-A3,M,3.586,1.002,0.654,1.055,0.838,0.651,0.77,xmal,A3-CHIC-XII-2011-phenotypes
A3-CHIC-XII-2011-19-L-RRG,xmal-CHIC-A3,M,4.144,1.15,0.728,1.163,1.087,0.62,0.204,xmal,A3-CHIC-XII-2011-phenotypes
A3-CHIC-XII-2011-20-L-RRO,xmal-CHIC-A3,M,4.128,1.197,0.775,1.125,1.03,0.539,0.096,xmal,A3-CHIC-XII-2011-phenotypes
A3-CHIC-XII-2011-15-L-RRR,xmal-CHIC-A3,M,4.431,1.322,0.865,1.245,1.138,0.699,0.335,xmal,A3-CHIC-XII-2011-phenotypes
CAPS-V-21-M01.R1_sub.Fastq,CAPS,M,5.795,2.224,1.365,1.53,1.472,1.239,0.301,xbir x xmal x xvar,phenotyped here
CAPS-V-21-M02.R1_sub.Fastq,CAPS,M,5.437,1.938,1.2,1.42,1.449,0.732,0.221,xbir x xmal x xvar,phenotyped here
swt-CAPS-XI-21-F-1010-L-OGG.R1.Fastq,CAPS,F,4.227,1.272,0.807,1.054,NA,NA,NA,xbir x xmal x xvar,phenotyped here
swt-CAPS-XI-21-M-1001-UNMRK.R1.Fastq,CAPS,M,5.392,2.035,1.157,1.478,1.481,0.994,0.117,xbir x xmal x xvar,phenotyped here
PLAZ-V-17-F27,PLAZ,F,3.529,1.069,0.625,0.808,NA,NA,NA,xbir x xmal x xvar,phenotyped here
HQLA-III-22-M01,HQLA,M,5.535,2.087,1.236,1.374,1.63,0.977,0,xbir x xmal x xvar,phenotyped here
CALL-28-V-21-M01,CALL,M,5.221,1.89,1.039,1.169,1.374,0.838,0,xbir x xmal,phenotyped here
CALL-28-V-21-M05,CALL,M,4.688,1.678,0.993,1.183,1.229,1.107,0.207,xbir x xmal,phenotyped here
CALL-28-V-21-M07,CALL,M,5.046,1.671,0.971,1.224,1.306,0.83,0.113,xbir x xmal,phenotyped here
CALL-28-V-21-M09,CALL,M,4.236,1.436,0.8,1.08,1.216,0.535,0,xbir x xmal,phenotyped here
CALL-28-V-21-M14,CALL,M,4.588,1.577,0.949,1.119,1.293,0.901,0.058,xbir x xmal,phenotyped here
CALL-28-V-21-M20,CALL,M,4.114,1.351,0.819,1.069,1.059,0.609,0,xbir x xmal,phenotyped here
CALL-28-V-21-M24,CALL,M,3.851,1.249,0.812,0.997,0.976,0.832,0,xbir x xmal,phenotyped here
CALL-28-V-21-M29,CALL,M,4.239,1.239,0.78,1.01,1.259,0.498,0,xbir x xmal,phenotyped here
CALL-28-V-21-M31,CALL,M,4.273,1.518,0.943,1.183,1.23,1.09,0.233,xbir x xmal,phenotyped here
CAPS-V-22-F-01-L-GGG,CAPS,F,5.76,1.76,1.036,1.408,1.485,0.783,NA,,phenotyped here
CAPS-V-22-F-02-L-OOO,CAPS,F,5.958,1.787,1.168,1.31,1.642,0.804,NA,,phenotyped here
CAPS-V-22-F-03-L-RRR,CAPS,F,4.69,1.398,0.846,1.022,1.056,0.52,NA,,Phenotyped here
CAPS-V-22-F-04-L-GGO,CAPS,F,5.043,1.426,0.961,1.012,1.129,0.587,NA,,Phenotyped here
CAPS-V-22-F-05-L-GOG,CAPS,F,5.171,1.6,0.985,1.084,1.187,0.61,NA,,Phenotyped here
CAPS-V-22-F-06-L-GOO,CAPS,F,5.452,1.553,1.018,1.224,1.381,0.599,NA,,Phenotyped here
CAPS-V-22-F-07-L-GGR,CAPS,F,5.212,1.62,0.957,1.048,1.145,0.7,NA,,Phenotyped here
CAPS-V-22-F-08-L-GRG,CAPS,F,6.133,1.917,1.127,1.265,1.503,0.735,NA,,Phenotyped here
CAPS-V-22-M-09,CAPS,M,6.054,2.267,1.262,1.279,1.808,1.424,0.258,xbir x xmal x xvar,phenotyped here
CAPS-V-22-M-10,CAPS,M,5.565,2.079,1.19,1.289,1.756,1.489,0.275,xbir x xmal x xvar,phenotyped here
CAPS-V-22-M-11,CAPS,M,5.834,2.091,1.248,1.159,1.75,1.003,0.083,xbir x xmal x xvar,phenotyped here
CAPS-V-22-M-12,CAPS,M,5.657,1.977,1.203,1.326,1.453,1.235,0.203,xbir x xmal x xvar,phenotyped here
CAPS-V-22-M-13,CAPS,M,5.364,2.1,1.286,1.616,1.466,1.583,0.407,xbir x xmal x xvar,phenotyped here
CAPS-V-22-M-14,CAPS,M,5.518,2.223,1.419,1.407,1.224,1.409,0.656,xbir x xmal x xvar,phenotyped here
TLLD-V-22-M-100,TLLD,M,5.779,2.368,1.395,1.572,1.821,1.597,0.334,xbir x xmal x xvar,phenotyped here
TLLD-V-22-M-101,TLLD,M,5.968,2.219,1.33,1.44,1.706,1.223,0.145,xbir x xmal x xvar,phenotyped here
,,,,,,,,,,,
,,,,,,,,,,,
,,,,,,,,,,,
,,,,,,,,,,,
,,,,,,,,,,,
,,,,,,,,,,,
,,,,,,,,,,,
,,,,,,,,,,,
,,,,,,,,,,,
,,,,,,,,,,,
,,,,,,,,,,,